device_type,state,english_phrase,assistant_response,english_phrase_vi,assistant_response_vi
light,on,Is the <device_name> on,The <device_name> is currently on,Là người giữ chỗ_0 trên,Người giữ chỗ_0 hiện đang ở
light,on,Can you tell me the status of the <device_name>,The <device_name> is on,Bạn có thể cho tôi biết trạng thái của người giữ chỗ_0,Người giữ chỗ_0 đang ở
light,off,What is the <device_name> doing,The <device_name> is off,Người giữ chỗ đang làm gì,Người giữ chỗ_0 đã tắt
light,off,Is the <device_name> off,The <device_name> is currently off,Là người giữ chỗ_0 tắt,Người giữ chỗ_0 hiện đang tắt
fan,on,Is the <device_name> on,The <device_name> is currently on,Là người giữ chỗ_0 trên,Người giữ chỗ_0 hiện đang ở
fan,on,Can you check if the <device_name> is working,The <device_name> is on,Bạn có thể kiểm tra xem người giữ chỗ_0 có hoạt động không,Người giữ chỗ_0 đang ở
fan,off,Is the <device_name> off,The <device_name> is currently off,Là người giữ chỗ_0 tắt,Người giữ chỗ_0 hiện đang tắt
fan,off,What is the current status of the <device_name>,The <device_name> is off,Trạng thái hiện tại của trình giữ chỗ_0 là gì,Người giữ chỗ_0 đã tắt
garage_door,open,Is the <device_name> open,The <device_name> is currently open,Người giữ chỗ có mở không,Người giữ chỗ_0 hiện đang mở
garage_door,open,Can you tell me if the <device_name> is open,The <device_name> is open,Bạn có thể cho tôi biết nếu người giữ chỗ_0 mở không,Người giữ chỗ_0 đang mở
garage_door,closed,Is the <device_name> closed,The <device_name> is currently closed,Người giữ chỗ có bị đóng không,Người giữ chỗ_0 hiện đang đóng cửa
garage_door,closed,What's the status of the <device_name>,The <device_name> is closed,Tình trạng của người giữ chỗ_0 là gì,Người giữ chỗ_0 đã đóng
garage_door,opening,Is the <device_name> opening,The <device_name> is currently opening,Là người giữ chỗ_0 mở ra,Người giữ chỗ_0 hiện đang mở
garage_door,opening,What is the <device_name> doing,The <device_name> is opening,Người giữ chỗ đang làm gì,Người giữ chỗ_0 đang mở
garage_door,closing,Is the <device_name> closing,The <device_name> is currently closing,Là người giữ chỗ_0 đóng cửa,Người giữ chỗ_0 hiện đang đóng cửa
garage_door,closing,Can you tell me if the <device_name> is closing,The <device_name> is closing,Bạn có thể cho tôi biết nếu người giữ chỗ_0 đang đóng,Người giữ chỗ_0 đang đóng cửa
blinds,open,Are the <device_name> open,The <device_name> are currently open,Người giữ chỗ có mở không,Người giữ chỗ_0 hiện đang mở
blinds,open,What's the status of the <device_name>,The <device_name> are open,Tình trạng của người giữ chỗ_0 là gì,Người giữ chỗ_0 đang mở
blinds,closed,Are the <device_name> closed,The <device_name> are currently closed,Người giữ chỗ có bị đóng không,Người giữ chỗ_0 hiện đang đóng cửa
blinds,closed,Can you check if the <device_name> are closed,The <device_name> are closed,Bạn có thể kiểm tra xem người giữ chỗ_0 có bị đóng không,Người giữ chỗ_0 đã đóng cửa
blinds,opening,Are the <device_name> opening,The <device_name> are currently opening,Là người giữ chỗ_0 mở đầu,Người giữ chỗ_0 hiện đang mở
blinds,opening,What is the <device_name> doing,The <device_name> are opening,Người giữ chỗ đang làm gì,Người giữ chỗ_0 đang mở
blinds,closing,Are the <device_name> closing,The <device_name> are currently closing,Có phải người giữ chỗ_0 đóng không,Người giữ chỗ_0 hiện đang đóng cửa
blinds,closing,What's the status of the <device_name>,The <device_name> are closing,Tình trạng của người giữ chỗ_0 là gì,Người giữ chỗ_0 đang đóng
media_player,on,Is the <device_name> on,The <device_name> is currently on,Là người giữ chỗ_0 trên,Người giữ chỗ_0 hiện đang ở
media_player,on,What's the current status of the <device_name>,The <device_name> is on,Trạng thái hiện tại của trình giữ chỗ_0 là gì,Người giữ chỗ_0 đang ở
media_player,off,Is the <device_name> off,The <device_name> is currently off,Là người giữ chỗ_0 tắt,Người giữ chỗ_0 hiện đang tắt
media_player,off,Can you tell me if the <device_name> is off,The <device_name> is off,Bạn có thể cho tôi biết nếu người giữ chỗ_0 không,Người giữ chỗ_0 đã tắt
media_player,idle,What's the <device_name> doing,The <device_name> is idle,Người giữ chỗ_0 đang làm gì,Người giữ chỗ_0 không hoạt động
media_player,idle,Is the <device_name> idle,The <device_name> is currently idle,Người giữ chỗ có nhàn rỗi không,Người giữ chỗ_0 hiện đang nhàn rỗi
media_player,playing,Is the <device_name> playing,The <device_name> is currently playing,Placeholder_0 có chơi không,Người giữ chỗ_0 hiện đang chơi
media_player,playing,Can you tell me if the <device_name> is playing,The <device_name> is playing,Bạn có thể cho tôi biết nếu người giữ chỗ_0 đang chơi,Người giữ chỗ_0 đang chơi
media_player,paused,What's the status of the <device_name>,The <device_name> is paused,Tình trạng của người giữ chỗ_0 là gì,Người giữ chỗ_0 bị tạm dừng
media_player,paused,Is the <device_name> paused,The <device_name> is currently paused,Người giữ chỗ_0 có bị tạm dừng không,Người giữ chỗ_0 hiện đang bị tạm dừng
media_player,standby,What is the <device_name> doing,The <device_name> is in standby,Người giữ chỗ đang làm gì,Người giữ chỗ_0 đang ở chế độ chờ
media_player,standby,Is the <device_name> in standby,The <device_name> is currently in standby,Là người giữ chỗ_0 ở chế độ chờ,Người giữ chỗ_0 hiện đang ở chế độ chờ
lock,unlocked,Is the <device_name> unlocked,The <device_name> is currently unlocked,Người giữ chỗ có được mở khóa không,Người giữ chỗ_0 hiện đang được mở khóa
lock,unlocked,What's the status of the <device_name>,The <device_name> is unlocked,Tình trạng của người giữ chỗ_0 là gì,Người giữ chỗ_0 được mở khóa
lock,locked,Is the <device_name> locked,The <device_name> is currently locked,Người giữ chỗ_0 có bị khóa không,Người giữ chỗ_0 hiện đang bị khóa
lock,locked,Can you tell me if the <device_name> is locked,The <device_name> is locked,Bạn có thể cho tôi biết nếu người giữ chỗ_0 bị khóa không,Người giữ chỗ_0 bị khóa
lock,unlocking,What is the <device_name> doing,The <device_name> is unlocking,Người giữ chỗ đang làm gì,Người giữ chỗ_0 đang mở khóa
lock,unlocking,Is the <device_name> unlocking,The <device_name> is currently unlocking,Là trình giữ chỗ_0 mở khóa,Người giữ chỗ_0 hiện đang mở khóa
lock,locking,Is the <device_name> locking,The <device_name> is currently locking,Là khóa giữ chỗ_0 có khóa không,Người giữ chỗ_0 hiện đang khóa
lock,locking,What's the status of the <device_name>,The <device_name> is locking,Tình trạng của người giữ chỗ_0 là gì,Người giữ chỗ_0 đang khóa
lock,jammed,What is the <device_name> doing,The <device_name> is jammed,Người giữ chỗ đang làm gì,Người giữ chỗ_0 bị kẹt
lock,jammed,Is the <device_name> jammed,The <device_name> is currently jammed,Là người giữ chỗ_0 bị kẹt,Người giữ chỗ_0 hiện đang bị kẹt
light,on,Is the <device_name> active,The <device_name> is currently on,Placeholder_0 có hoạt động không,Người giữ chỗ_0 hiện đang ở
light,on,Is the <device_name> powered,The <device_name> is on,Người giữ chỗ có được cấp nguồn không,Người giữ chỗ_0 đang ở
light,off,Is the <device_name> deactivated,The <device_name> is currently off,Người giữ chỗ_0 có bị hủy kích hoạt không,Người giữ chỗ_0 hiện đang tắt
fan,on,Is the <device_name> spinning,The <device_name> is currently on,Là người giữ chỗ_0 quay,Người giữ chỗ_0 hiện đang ở
fan,on,Is the <device_name> blowing air,The <device_name> is on,Là người giữ chỗ_0 thổi không khí,Người giữ chỗ_0 đang ở
fan,off,Is the <device_name> idle,The <device_name> is currently off,Người giữ chỗ có nhàn rỗi không,Người giữ chỗ_0 hiện đang tắt
fan,off,Is the <device_name> still,The <device_name> is off,Người giữ chỗ có còn không,Người giữ chỗ_0 đã tắt
lock,unlocked,Is the <device_name> open,The <device_name> is currently unlocked,Người giữ chỗ có mở không,Người giữ chỗ_0 hiện đang được mở khóa
lock,unlocked,Is the <device_name> unsecured,The <device_name> is unlocked,Là người giữ chỗ 0 không bị kiểm duyệt,Người giữ chỗ_0 được mở khóa
lock,locked,Is the <device_name> secure,The <device_name> is currently locked,Người giữ chỗ có an toàn không,Người giữ chỗ_0 hiện đang bị khóa
lock,locked,Is the <device_name> sealed,The <device_name> is locked,Người giữ chỗ có được niêm phong không,Người giữ chỗ_0 bị khóa
garage_door,open,Is the <device_name> unsealed,The <device_name> is currently open,Là người giữ chỗ_0 chưa được tiết lộ,Người giữ chỗ_0 hiện đang mở
garage_door,closed,Is the <device_name> shut,The <device_name> is currently closed,Người giữ chỗ_0 có đóng không,Người giữ chỗ_0 hiện đang đóng cửa
blinds,open,Is the <device_name> pulled up,The <device_name> are currently open,Là người giữ chỗ_0 được kéo lên,Người giữ chỗ_0 hiện đang mở
blinds,closed,Is the <device_name> pulled down,The <device_name> are currently closed,Là người giữ chỗ_0 bị kéo xuống,Người giữ chỗ_0 hiện đang đóng cửa
light,on,Is the <device_name> lit,The <device_name> is currently on,Người giữ chỗ có sáng không,Người giữ chỗ_0 hiện đang ở
light,off,Is the <device_name> turned off,Yes <device_name> is off,Có phải người giữ chỗ_0 đã tắt không,Có giữ chỗ_0 bị tắt
light,on,Uh can you check if the <device_name> is on or something,The <device_name> is currently on,Uh bạn có thể kiểm tra xem người giữ chỗ_0 có bật hay gì đó không,Người giữ chỗ_0 hiện đang ở
light,off,Hey what's up with the <device_name> is it off,The <device_name> is currently off,"Này, có chuyện gì với trình giữ chỗ_0",Người giữ chỗ_0 hiện đang tắt
fan,on,So is the <device_name> whirling away,The <device_name> is indeed on,Người giữ chỗ đó cũng như vậy,Người giữ chỗ_0 thực sự là trên
fan,off,Any idea if the <device_name> is off,The <device_name> is currently off,Bất kỳ ý tưởng nào nếu trình giữ chỗ_0 tắt,Người giữ chỗ_0 hiện đang tắt
lock,unlocked,Hey is the <device_name> unlocked or what,The <device_name> is currently unlocked,Này là người giữ chỗ_0 đã mở khóa hay sao,Người giữ chỗ_0 hiện đang được mở khóa
lock,locked,Can you tell me if the <device_name> is all locked up,The <device_name> is indeed locked,Bạn có thể cho tôi biết nếu người giữ chỗ_0 bị khóa,Người giữ chỗ_0 thực sự bị khóa
garage_door,open,Hey did we leave the <device_name> open,Yes the <device_name> is currently open,"Này, chúng tôi đã để chỗ giữ chỗ_0 mở","Có, người giữ chỗ_0 hiện đang mở"
garage_door,closed,Is the <device_name> actually closed,The <device_name> is indeed closed,Người giữ chỗ có thực sự đóng không,Người giữ chỗ_0 thực sự đã đóng
blinds,open,Are the <device_name> up or what,The <device_name> are currently open,Là người giữ chỗ_0 lên hay sao,Người giữ chỗ_0 hiện đang mở
blinds,closed,So did we lower the <device_name>,The <device_name> are indeed closed,Chúng tôi cũng hạ thấp chỗ giữ chỗ_0,Người giữ chỗ_0 thực sự đã đóng
light,on,Hey is the <device_name> shining,The <device_name> is currently on,Này là người giữ chỗ_0 tỏa sáng,Người giữ chỗ_0 hiện đang ở
light,off,Uh is the <device_name> off,The <device_name> is indeed off,Uh là người giữ chỗ_0 tắt,Người giữ chỗ_0 thực sự bị tắt
fan,on,Can you confirm if the <device_name> is running,The <device_name> is currently on,Bạn có thể xác nhận nếu lobersholder_0 đang chạy,Người giữ chỗ_0 hiện đang ở
fan,off,Is the <device_name> taking a break,The <device_name> is off at the moment,Là người giữ chỗ_0 đang nghỉ ngơi,Người giữ chỗ_0 đã tắt vào lúc này
lock,unlocked,So is the <device_name> open,The <device_name> is currently unlocked,Các loberholder_0 cũng mở,Người giữ chỗ_0 hiện đang được mở khóa
lock,locked,Is the <device_name> bolted,The <device_name> is indeed locked,Người giữ chỗ có bị bắt vít không,Người giữ chỗ_0 thực sự bị khóa
light,on,Is the <device_name> off,Actually the <device_name> is currently on,Là người giữ chỗ_0 tắt,"Trên thực tế, giữ chỗ_0 hiện đang ở"
light,off,Is the <device_name> on,No the <device_name> is off right now,Là người giữ chỗ_0 trên,Không có trình giữ chỗ_0 đã tắt ngay bây giờ
fan,on,Is the <device_name> off,Actually the <device_name> is on at the moment,Là người giữ chỗ_0 tắt,"Trên thực tế, người giữ chỗ_0 đang ở vào lúc này"
fan,off,Is the <device_name> blowing air,Sorry the <device_name> is currently off,Là người giữ chỗ_0 thổi không khí,"Xin lỗi, người giữ chỗ_0 hiện đang tắt"
lock,locked,Is the <device_name> unlocked,No the <device_name> is currently locked,Người giữ chỗ có được mở khóa không,Không có trình giữ chỗ_0 hiện đang bị khóa
lock,unlocked,Is the <device_name> locked,No the <device_name> is currently unlocked,Người giữ chỗ_0 có bị khóa không,Không có trình giữ chỗ_0 hiện đang được mở khóa
garage_door,open,Is the <device_name> closed,No the <device_name> is currently open,Người giữ chỗ có bị đóng không,Không có trình giữ chỗ_0 hiện đang mở
garage_door,closed,Is the <device_name> open,No the <device_name> is currently closed,Người giữ chỗ có mở không,Không có chỗ giữ chỗ_0 hiện đang đóng cửa
blinds,open,Are the <device_name> closed,No the <device_name> are currently open,Người giữ chỗ có bị đóng không,Không có trình giữ chỗ_0 hiện đang mở
blinds,closed,Are the <device_name> open,No the <device_name> are currently closed,Người giữ chỗ có mở không,Không có chỗ giữ chỗ_0 hiện đang đóng cửa
light,on,Uh can you check if the <device_name> is off,No the <device_name> is actually on,Uh bạn có thể kiểm tra xem người giữ chỗ_0 có tắt không,Không có trình giữ chỗ_0 thực sự
light,off,Hey is the <device_name> shining,No the <device_name> is currently off,Này là người giữ chỗ_0 tỏa sáng,Không có trình giữ chỗ_0 hiện đang tắt
fan,on,Is the <device_name> taking a break,No the <device_name> is on right now,Là người giữ chỗ_0 đang nghỉ ngơi,Không có trình giữ chỗ_0 đang ở ngay bây giờ
fan,off,Is the <device_name> whirling away,No the <device_name> is off at the moment,Là người giữ chỗ_0 quay cuồng,Không có chỗ giữ chỗ_0 đang tắt vào lúc này
lock,unlocked,Is the <device_name> bolted,No the <device_name> is currently unlocked,Người giữ chỗ có bị bắt vít không,Không có trình giữ chỗ_0 hiện đang được mở khóa
lock,locked,Is the <device_name> free and clear,No the <device_name> is actually locked,Người giữ chỗ_0 có miễn phí và rõ ràng không,Không có trình giữ chỗ_0 thực sự bị khóa
garage_door,open,Is the <device_name> shut,No the <device_name> is currently open,Người giữ chỗ_0 có đóng không,Không có trình giữ chỗ_0 hiện đang mở
garage_door,closed,Did we leave the <device_name> open,No the <device_name> is closed,Chúng tôi đã để người giữ chỗ_0 mở,Không đóng cửa trình giữ chỗ_0
blinds,open,Did we lower the <device_name>,No the <device_name> are actually open,Chúng ta đã hạ thấp chỗ giữ chỗ_0,Không có trình giữ chỗ_0 thực sự mở
blinds,closed,Is the <device_name> pulled up,No the <device_name> are currently closed,Là người giữ chỗ_0 được kéo lên,Không có chỗ giữ chỗ_0 hiện đang đóng cửa
media_player,on,Is the <device_name> off,No the <device_name> is currently on,Là người giữ chỗ_0 tắt,Không có trình giữ chỗ_0 hiện đang ở
media_player,off,Is the <device_name> playing,No the <device_name> is off right now,Placeholder_0 có chơi không,Không có trình giữ chỗ_0 đã tắt ngay bây giờ
media_player,idle,Is the <device_name> playing some music,No the <device_name> is idle at the moment,Là người giữ chỗ_0 chơi một số nhạc,Không có chỗ giữ chỗ_0 không hoạt động vào lúc này
media_player,playing,Is the <device_name> paused,No the <device_name> is actually playing,Người giữ chỗ_0 có bị tạm dừng không,Không có trình giữ chỗ_0 thực sự đang chơi
media_player,paused,Is the <device_name> in standby,No the <device_name> is paused right now,Là người giữ chỗ_0 ở chế độ chờ,Không có chỗ giữ chỗ_0 được tạm dừng ngay bây giờ
media_player,standby,Is the <device_name> playing,No the <device_name> is in standby,Placeholder_0 có chơi không,Không có người giữ chỗ_0 ở chế độ chờ
garage_door,opening,Is the <device_name> closing,No the <device_name> is currently opening,Là người giữ chỗ_0 đóng cửa,Không có trình giữ chỗ_0 hiện đang mở
garage_door,closing,Is the <device_name> opening,No the <device_name> is currently closing,Là người giữ chỗ_0 mở ra,Không có trình giữ chỗ_0 hiện đang đóng cửa
blinds,opening,Are the <device_name> closing,No the <device_name> are opening,Có phải người giữ chỗ_0 đóng không,Không có chỗ giữ chỗ_0 đang mở
blinds,closing,Are the <device_name> opening,No the <device_name> are closing,Là người giữ chỗ_0 mở đầu,Không có chỗ giữ chỗ_0 đang đóng cửa
lock,unlocking,Is the <device_name> locking,No the <device_name> is unlocking,Là khóa giữ chỗ_0 có khóa không,Không có trình giữ chỗ_0 đang mở khóa
lock,locking,Is the <device_name> unlocking,No the <device_name> is locking,Là trình giữ chỗ_0 mở khóa,Không có chỗ giữ chỗ_0 đang khóa
lock,jammed,Is the <device_name> unlocked,No the <device_name> is jammed,Người giữ chỗ có được mở khóa không,Không có chỗ giữ chỗ_0 bị kẹt
light,on,Is the <device_name> dark,No the <device_name> is currently on,Người giữ chỗ có tối không,Không có trình giữ chỗ_0 hiện đang ở
light,off,Is the <device_name> shining,No the <device_name> is off,Là người giữ chỗ_0 tỏa sáng,Không có chỗ giữ chỗ_0 bị tắt
fan,on,Is the <device_name> idle,No the <device_name> is actually on,Người giữ chỗ có nhàn rỗi không,Không có trình giữ chỗ_0 thực sự
fan,off,Is the <device_name> blowing air,No the <device_name> is off right now,Là người giữ chỗ_0 thổi không khí,Không có trình giữ chỗ_0 đã tắt ngay bây giờ
lock,unlocked,Is the <device_name> secure,No the <device_name> is currently unlocked,Người giữ chỗ có an toàn không,Không có trình giữ chỗ_0 hiện đang được mở khóa
lock,locked,Is the <device_name> open,No the <device_name> is locked,Người giữ chỗ có mở không,Không có trình giữ chỗ_0 bị khóa
lock,jammed,Is the <device_name> locking,No the <device_name> is jammed,Là khóa giữ chỗ_0 có khóa không,Không có chỗ giữ chỗ_0 bị kẹt
light,on,Is the <device_name> off,No the <device_name> is on,Là người giữ chỗ_0 tắt,Không có trình giữ chỗ_0 đang ở
light,off,Is the <device_name> active,No the <device_name> is off,Placeholder_0 có hoạt động không,Không có chỗ giữ chỗ_0 bị tắt
light,on,Is the <device_name> on or off,The <device_name> is on,Là người giữ chỗ_0 bật hoặc tắt,Người giữ chỗ_0 đang ở
light,off,Is the <device_name> on or off,The <device_name> is off,Là người giữ chỗ_0 bật hoặc tắt,Người giữ chỗ_0 đã tắt
fan,on,Is the <device_name> on or off,The <device_name> is on,Là người giữ chỗ_0 bật hoặc tắt,Người giữ chỗ_0 đang ở
fan,off,Is the <device_name> on or off,The <device_name> is off,Là người giữ chỗ_0 bật hoặc tắt,Người giữ chỗ_0 đã tắt
garage_door,open,Is the <device_name> open or closed,The <device_name> is open,Người giữ chỗ_0 có mở hoặc đóng không,Người giữ chỗ_0 đang mở
garage_door,closed,Is the <device_name> open or closed,The <device_name> is closed,Người giữ chỗ_0 có mở hoặc đóng không,Người giữ chỗ_0 đã đóng
blinds,open,Are the <device_name> open or closed,The <device_name> are open,Người giữ chỗ_0 mở hoặc đóng,Người giữ chỗ_0 đang mở
blinds,closed,Are the <device_name> open or closed,The <device_name> are closed,Người giữ chỗ_0 mở hoặc đóng,Người giữ chỗ_0 đã đóng cửa
media_player,on,Is the <device_name> on or off,The <device_name> is on,Là người giữ chỗ_0 bật hoặc tắt,Người giữ chỗ_0 đang ở
media_player,off,Is the <device_name> on or off,The <device_name> is off,Là người giữ chỗ_0 bật hoặc tắt,Người giữ chỗ_0 đã tắt
lock,unlocked,Is the <device_name> locked or unlocked,The <device_name> is unlocked,Người giữ chỗ_0 đã bị khóa hoặc mở khóa,Người giữ chỗ_0 được mở khóa
lock,locked,Is the <device_name> locked or unlocked,The <device_name> is locked,Người giữ chỗ_0 đã bị khóa hoặc mở khóa,Người giữ chỗ_0 bị khóa
media_player,playing,Is the <device_name> playing or paused,The <device_name> is playing,Là người giữ chỗ_0 chơi hoặc tạm dừng,Người giữ chỗ_0 đang chơi
media_player,paused,Is the <device_name> playing or paused,The <device_name> is paused,Là người giữ chỗ_0 chơi hoặc tạm dừng,Người giữ chỗ_0 bị tạm dừng
garage_door,opening,Is the <device_name> opening or closing,The <device_name> is opening,Là người giữ chỗ_0 mở hoặc đóng,Người giữ chỗ_0 đang mở
garage_door,closing,Is the <device_name> opening or closing,The <device_name> is closing,Là người giữ chỗ_0 mở hoặc đóng,Người giữ chỗ_0 đang đóng cửa
blinds,opening,Are the <device_name> opening or closing,The <device_name> are opening,Là người giữ chỗ_0 mở hoặc đóng,Người giữ chỗ_0 đang mở
blinds,closing,Are the <device_name> opening or closing,The <device_name> are closing,Là người giữ chỗ_0 mở hoặc đóng,Người giữ chỗ_0 đang đóng
lock,unlocking,Is the <device_name> locking or unlocking,The <device_name> is unlocking,Là lockerholder_0 khóa hoặc mở khóa,Người giữ chỗ_0 đang mở khóa
lock,locking,Is the <device_name> locking or unlocking,The <device_name> is locking,Là lockerholder_0 khóa hoặc mở khóa,Người giữ chỗ_0 đang khóa
lock,jammed,Is the <device_name> locked or jammed,The <device_name> is jammed,Người giữ chỗ_0 bị khóa hoặc bị kẹt,Người giữ chỗ_0 bị kẹt
media_player,idle,Is the <device_name> idle or in standby,The <device_name> is idle,Là người giữ chỗ_0 nhàn rỗi hoặc ở chế độ chờ,Người giữ chỗ_0 không hoạt động
media_player,standby,Is the <device_name> idle or in standby,The <device_name> is in standby,Là người giữ chỗ_0 nhàn rỗi hoặc ở chế độ chờ,Người giữ chỗ_0 đang ở chế độ chờ
light,on,Is the <device_name> on or dim,The <device_name> is on,Là người giữ chỗ_0 trên hoặc mờ,Người giữ chỗ_0 đang ở
light,off,Is the <device_name> on or dim,The <device_name> is off,Là người giữ chỗ_0 trên hoặc mờ,Người giữ chỗ_0 đã tắt
fan,on,Is the <device_name> spinning or still,The <device_name> is spinning,Là người giữ chỗ_0 quay hoặc vẫn còn,Người giữ chỗ_0 đang quay
fan,off,Is the <device_name> spinning or still,The <device_name> is still,Là người giữ chỗ_0 quay hoặc vẫn còn,Người giữ chỗ_0 vẫn còn
lock,unlocked,Is the <device_name> secure or unsecure,The <device_name> is unsecure,Người giữ chỗ là an toàn hoặc không an toàn,Người giữ chỗ_0 không an toàn
lock,locked,Is the <device_name> secure or unsecure,The <device_name> is secure,Người giữ chỗ là an toàn hoặc không an toàn,Người giữ chỗ_0 an toàn
lock,jammed,Is the <device_name> secure or jammed,The <device_name> is jammed,Người giữ chỗ có an toàn hay bị kẹt không,Người giữ chỗ_0 bị kẹt
light,on,What's the current condition of the <device_name>,The <device_name> is on,Tình trạng hiện tại của trình giữ chỗ_0 là gì,Người giữ chỗ_0 đang ở
light,off,How's the <device_name> looking right now,The <device_name> is off,Làm thế nào là người giữ chỗ_0 trông ngay bây giờ,Người giữ chỗ_0 đã tắt
fan,on,What's happening with the <device_name>,The <device_name> is on,Điều gì đang xảy ra với người giữ chỗ_0,Người giữ chỗ_0 đang ở
fan,off,Can you give me an update on the <device_name>,The <device_name> is off,Bạn có thể cho tôi một bản cập nhật trên Placeholder_0,Người giữ chỗ_0 đã tắt
garage_door,open,Fill me in on the <device_name> would you,The <device_name> is open,"Điền vào tôi vào chỗ giữ chỗ_0, bạn sẽ",Người giữ chỗ_0 đang mở
garage_door,closed,What's the situation with the <device_name>,The <device_name> is closed,Tình huống với trình giữ chỗ_0 là gì,Người giữ chỗ_0 đã đóng
blinds,open,What's the latest on the <device_name>,The <device_name> are open,Cái mới nhất trên trình giữ chỗ_0 là gì,Người giữ chỗ_0 đang mở
blinds,closed,Can you update me on the <device_name>,The <device_name> are closed,Bạn có thể cập nhật cho tôi trên trình giữ chỗ_0 không,Người giữ chỗ_0 đã đóng cửa
media_player,on,What's the status of the <device_name>,The <device_name> is on,Tình trạng của người giữ chỗ_0 là gì,Người giữ chỗ_0 đang ở
media_player,off,How's the <device_name> doing,The <device_name> is off,Người giữ chỗ như thế nào,Người giữ chỗ_0 đã tắt
lock,unlocked,What's the word on the <device_name>,The <device_name> is unlocked,Từ trên trình giữ chỗ_0 là gì,Người giữ chỗ_0 được mở khóa
lock,locked,How's it going with the <device_name>,The <device_name> is locked,Thế nào rồi với trình giữ chỗ_0,Người giữ chỗ_0 bị khóa
media_player,playing,Can you clue me in on the <device_name>,The <device_name> is playing,Bạn có thể manh thnet với tôi trong trình giữ chỗ_0 không,Người giữ chỗ_0 đang chơi
media_player,paused,What's going down with the <device_name>,The <device_name> is paused,Điều gì sẽ xảy ra với người giữ chỗ_0,Người giữ chỗ_0 bị tạm dừng
garage_door,opening,Any news on the <device_name>,The <device_name> is opening,Bất kỳ tin tức nào về trình giữ chỗ_0,Người giữ chỗ_0 đang mở
garage_door,closing,What's the scoop on the <device_name>,The <device_name> is closing,Cái muỗng trên trình giữ chỗ_0 là gì,Người giữ chỗ_0 đang đóng cửa
blinds,opening,Got any updates on the <device_name>,The <device_name> are opening,Có bất kỳ cập nhật nào về trình giữ chỗ_0,Người giữ chỗ_0 đang mở
blinds,closing,What's happening with the <device_name> now,The <device_name> are closing,Điều gì đang xảy ra với người giữ chỗ_0 bây giờ,Người giữ chỗ_0 đang đóng
lock,unlocking,What's the latest update on the <device_name>,The <device_name> is unlocking,Bản cập nhật mới nhất trên Placeholder_0 là gì,Người giữ chỗ_0 đang mở khóa
lock,locking,Any changes with the <device_name>,The <device_name> is locking,Bất kỳ thay đổi nào với trình giữ chỗ_0,Người giữ chỗ_0 đang khóa
light,on,What's up with the <device_name>,The <device_name> is on,Có chuyện gì với người giữ chỗ_0,Người giữ chỗ_0 đang ở
light,off,whats the <device_name> status,The <device_name> is off,Trạng thái Whats the Placeholder_0,Người giữ chỗ_0 đã tắt
fan,on,Is <device_name> active,The <device_name> is on,Là người giữ chỗ_0 hoạt động,Người giữ chỗ_0 đang ở
fan,off,Status of <device_name>,The <device_name> is off,Trạng thái của Placeholder_0,Người giữ chỗ_0 đã tắt
garage_door,open,<device_name> update,The <device_name> is open,Cập nhật Placeholder_0,Người giữ chỗ_0 đang mở
garage_door,closed,<device_name> current state,The <device_name> is closed,Placeholder_0 Trạng thái hiện tại,Người giữ chỗ_0 đã đóng
blinds,open,How's the <device_name>,The <device_name> are open,Người giữ chỗ như thế nào_0,Người giữ chỗ_0 đang mở
blinds,closed,Update on <device_name>,The <device_name> are closed,Cập nhật trên Placeholder_0,Người giữ chỗ_0 đã đóng cửa
media_player,on,what is the State of <device_name>,The <device_name> is on,Trạng thái của chỗ giữ chỗ_0 là gì,Người giữ chỗ_0 đang ở
media_player,off,Any news on <device_name>,The <device_name> is off,Bất kỳ tin tức nào về loferholder_0,Người giữ chỗ_0 đã tắt
lock,unlocked,How's the <device_name>,The <device_name> is unlocked,Người giữ chỗ như thế nào_0,Người giữ chỗ_0 được mở khóa
lock,locked,<device_name> okay,The <device_name> is locked,Placeholder_0 Được rồi,Người giữ chỗ_0 bị khóa
media_player,playing,Is <device_name> active,The <device_name> is playing,Là người giữ chỗ_0 hoạt động,Người giữ chỗ_0 đang chơi
media_player,paused,<device_name> state,The <device_name> is paused,Trạng thái giữ chỗ_0,Người giữ chỗ_0 bị tạm dừng
garage_door,opening,What's <device_name> doing,The <device_name> is opening,Những gì người giữ chỗ_0 đang làm gì,Người giữ chỗ_0 đang mở
garage_door,closing,Status of <device_name>,The <device_name> is closing,Trạng thái của Placeholder_0,Người giữ chỗ_0 đang đóng cửa
blinds,opening,<device_name> update,The <device_name> are opening,Cập nhật Placeholder_0,Người giữ chỗ_0 đang mở
blinds,closing,How's the <device_name>,The <device_name> are closing,Người giữ chỗ như thế nào_0,Người giữ chỗ_0 đang đóng
lock,unlocking,State of <device_name>,The <device_name> is unlocking,Trạng thái của người giữ chỗ_0,Người giữ chỗ_0 đang mở khóa
lock,locking,Is <device_name> okay,The <device_name> is locking,Placeholder_0 có ổn không,Người giữ chỗ_0 đang khóa
light,on,What's <device_name> doing,The <device_name> is on,Những gì người giữ chỗ_0 đang làm gì,Người giữ chỗ_0 đang ở
light,off,Is <device_name> active,The <device_name> is off,Là người giữ chỗ_0 hoạt động,Người giữ chỗ_0 đã tắt
fan,on,<device_name> status now,The <device_name> is on,Trạng thái Placeholder_0 ngay bây giờ,Người giữ chỗ_0 đang ở
fan,off,Current state of <device_name>,The <device_name> is off,Trạng thái hiện tại của người giữ chỗ_0,Người giữ chỗ_0 đã tắt
light,on,Is <device_name> working,The <device_name> is on,Placeholder_0 đang hoạt động,Người giữ chỗ_0 đang ở
light,off,Update on <device_name>,The <device_name> is off,Cập nhật trên Placeholder_0,Người giữ chỗ_0 đã tắt
fan,on,How's the <device_name>,The <device_name> is on,Người giữ chỗ như thế nào_0,Người giữ chỗ_0 đang ở
fan,off,Status of <device_name>,The <device_name> is off,Trạng thái của Placeholder_0,Người giữ chỗ_0 đã tắt
light,on,<device_name> condition,The <device_name> is on,Điều kiện của Placeholder_0,Người giữ chỗ_0 đang ở
light,off,What's up with <device_name>,The <device_name> is off,Có gì với trình giữ chỗ_0,Người giữ chỗ_0 đã tắt
media_player,on;<volume>,What's the volume on <device_name>?,The volume on <device_name> is at <volume>.,Khối lượng trên Placeholder_0 là bao nhiêu?,Khối lượng trên Placeholder_0 là ở Placeholder_1.
media_player,off,Can you check the volume level of <device_name>?,"<device_name> is off, so I can't check the volume level currently.",Bạn có thể kiểm tra mức âm lượng của Placeholder_0 không?,"Placeholder_0 đã tắt, vì vậy tôi không thể kiểm tra mức âm lượng hiện tại."
media_player,idle,"I need the current volume of <device_name>, please.",The current volume of <device_name> is <volume>.,Tôi cần khối lượng hiện tại của Placeholder_0.,Khối lượng hiện tại của Placeholder_0 là Placeholder_1.
media_player,playing,Is the volume too loud on <device_name>?,The volume on <device_name> is currently set to <volume>.,Có phải âm lượng quá lớn trên Placeholder_0?,Khối lượng trên Placeholder_0 hiện đang được đặt thành Placeholder_1.
media_player,paused,What was the volume set to before <device_name> was paused?,"Before being paused, <device_name> had a volume level of <volume>.",Khối lượng được đặt thành trước khi đặt chỗ_0 được tạm dừng?,"Trước khi bị tạm dừng, Placeholder_0 đã có mức khối lượng của trình giữ chỗ_1."
media_player,playing,Could you increase <device_name>'s volume a bit?,I've increased the volume on <device_name>. It's now at <volume>.,Bạn có thể tăng khối lượng của Placeholder_0 lên một chút không?,Tôi đã tăng khối lượng trên Placeholder_0. Bây giờ là ở Placeholder_1.
media_player,playing,Is the volume muted on <device_name>?,The volume on <device_name> is not muted. It's at <volume>.,Âm lượng có bị tắt trên Placeholder_0 không?,Khối lượng trên Placeholder_0 không bị tắt tiếng. Đó là tại Placeholder_1.
media_player,on,What's playing on <device_name> right now?,<media> is currently playing on <device_name>.,Điều gì đang chơi trên Placeholder_0 ngay bây giờ?,Placeholder_0 hiện đang chơi trên Placeholder_1.
media_player,off,Is there anything playing on <device_name>?,Nothing is playing on <device_name> as it is currently off.,Có gì chơi trên Placeholder_0 không?,Không có gì đang chơi trên Placeholder_0 vì nó hiện đang tắt.
media_player,idle,Can you tell me what was last played on <device_name>?,The last media played on <device_name> was <media>.,Bạn có thể cho tôi biết những gì được chơi cuối cùng trên Placeholder_0?,Các phương tiện truyền thông cuối cùng được phát trên Placeholder_0 là Placeholder_1.
media_player,playing,What is playing on <device_name> at the moment?,The song <media> is playing on <device_name> right now.,Điều gì đang chơi trên Placeholder_0 vào lúc này?,Bài hát Placeholder_0 đang phát trên Placeholder_1 ngay bây giờ.
media_player,paused,What media was paused on <device_name>?,<media> was paused on <device_name>.,Những phương tiện truyền thông nào đã được tạm dừng trên Placeholder_0?,Placeholder_0 đã bị tạm dừng trên Placeholder_1.
media_player,on,"I hear something from <device_name>, what is it?",<device_name> is not currently playing anything.,"Tôi nghe thấy một cái gì đó từ Placeholder_0, nó là gì?",Placeholder_0 hiện không chơi bất cứ điều gì.
media_player,playing,"I like this track on <device_name>, what is it?",You're listening to <media> on <device_name>.,"Tôi thích bài hát này trên Placeholder_0, nó là gì?",Bạn đang nghe Placeholder_0 trên Placeholder_1.
media_player,paused,Can you name the movie that's on <device_name>?,The movie currently paused on <device_name> is <media>.,Bạn có thể đặt tên cho bộ phim trên Placeholder_0 không?,Bộ phim hiện đang tạm dừng trên Placeholder_0 là Placeholder_1.
media_player,standby,What was the last show watched on <device_name>?,The last show watched on <device_name> was <media>.,Chương trình cuối cùng được xem trên Placeholder_0 là gì?,Chương trình cuối cùng được xem trên Placeholder_0 là Placeholder_1.
media_player,buffering,Which episode is on <device_name> right now?,The episode on <device_name> is <media>.,Tập nào trên Placeholder_0 ngay bây giờ?,Tập trên Placeholder_0 là Placeholder_1.
light,on;<color>;<brightness>,What's the brightness of <device_name>?,The brightness of <device_name> is currently at <brightness>.,Độ sáng của trình giữ chỗ_0 là bao nhiêu?,Độ sáng của Placeholder_0 hiện đang ở Placeholder_1.
light,on;<color>;<brightness>,Can you tell me the color of <device_name>?,<device_name> is currently showing <color>.,Bạn có thể cho tôi biết màu của Placeholder_0?,Placeholder_0 hiện đang hiển thị Placeholder_1.
light,on;<color>;<brightness>,Is <device_name> set to a bright or dim setting?,<device_name> is set to a <brightness> brightness level.,Placeholder_0 là cài đặt sáng hay mờ?,Placeholder_0 được đặt thành một mức độ sáng Placeholder_1.
light,on;<color>;<brightness>,What hue is <device_name> displaying?,<device_name> is displaying a <color> hue.,Huế nào là Placeholder_0 hiển thị?,Placeholder_0 đang hiển thị một người giữ chỗ_1 Huế.
light,on;<color>;<brightness>,How bright is <device_name> right now?,<device_name> is currently at <brightness>% brightness.,Làm thế nào sáng là logerholder_0 ngay bây giờ?,Placeholder_0 hiện đang ở độ sáng Placeholder_1%.
light,on;<color>;<brightness>,I'd like to know the current color of <device_name>.,The current color of <device_name> is <color>.,Tôi muốn biết màu sắc hiện tại của Placeholder_0.,Màu hiện tại của Placeholder_0 là Placeholder_1.
light,on;<color>;<brightness>,Is <device_name> more on the dim side or the bright side?,<device_name> is more on the <brightness> side.,Placeholder_0 có nhiều hơn ở mặt mờ hay mặt sáng không?,Placeholder_0 là nhiều hơn ở phía Placeholder_1.
light,on;<color>;<brightness>,What color setting is <device_name> on?,<device_name> is set to <color> color setting.,Cài đặt màu nào là Placeholder_0 trên?,Placeholder_0 được đặt thành cài đặt màu Placeholder_1.
light,on;<color>;<brightness>,Could you check the brightness level of <device_name> for me?,"Sure, the brightness level of <device_name> is <brightness>.",Bạn có thể kiểm tra mức độ sáng của trình giữ chỗ_0 cho tôi không?,"Chắc chắn, mức độ sáng của trình giữ chỗ_0 là người giữ chỗ_1."
light,on;<color>;<brightness>,"Tell me, what's the current hue of <device_name>?",The current hue of <device_name> is <color>.,"Nói cho tôi biết, màu sắc hiện tại của Placeholder_0 là gì?",Hue hiện tại của Placeholder_0 là người giữ chỗ_1.
light,off,What's the brightness of <device_name>?,The device <device_name> is turned off.,Độ sáng của trình giữ chỗ_0 là bao nhiêu?,Thiết bị đặt chỗ_0 bị tắt.
light,off,Can you tell me the color of <device_name>?,<device_name> is turned off.,Bạn có thể cho tôi biết màu của Placeholder_0?,Placeholder_0 bị tắt.
light,off,Is <device_name> set to a bright or dim setting?,"No, <device_name> is turned off.",Placeholder_0 là cài đặt sáng hay mờ?,"Không, Placeholder_0 bị tắt."
light,off,What hue is <device_name> displaying?,<device_name> is actually turned off.,Huế nào là Placeholder_0 hiển thị?,Placeholder_0 thực sự bị tắt.
light,off,How bright is <device_name> right now?,<device_name> is turned off.,Làm thế nào sáng là logerholder_0 ngay bây giờ?,Placeholder_0 bị tắt.
media_player,playing;<media>;<volume>,What's currently playing on <device_name>?,<device_name> is playing <media> at volume level <volume>.,Điều gì hiện đang chơi trên Placeholder_0?,Placeholder_0 đang chơi Placeholder_1 ở mức độ thể tích Placeholder_2.
media_player,paused;<media>;<volume>,Can you tell me what's paused on <device_name>?,<device_name> has <media> paused at volume level <volume>.,Bạn có thể cho tôi biết những gì tạm dừng trên Placeholder_0?,Placeholder_0 có trình giữ chỗ_1 tạm dừng ở mức thể tích Placeholder_2.
media_player,idle;<volume>,Is there anything playing on <device_name>?,<device_name> is currently idle with the volume set to <volume>.,Có gì chơi trên Placeholder_0 không?,Placeholder_0 hiện đang nhàn rỗi với âm lượng được đặt thành Placeholder_1.
media_player,playing;<media>;<volume>,What song is <device_name> playing?,<device_name> is playing the song <media> at volume <volume>.,Bài hát nào là Placeholder_0 chơi?,Placeholder_0 đang chơi bài hát Placeholder_1 ở tập Placeholder_2.
media_player,paused;<media>;<volume>,What was the last thing played on <device_name>?,"The last media played on <device_name> was <media>, currently paused at volume <volume>.",Điều cuối cùng được chơi trên Placeholder_0 là gì?,"Các phương tiện truyền thông cuối cùng được phát trên Placeholder_0 là Placeholder_1, hiện đang dừng lại ở Volume Placeholder_2."
media_player,idle;<volume>,Is <device_name> active right now?,"<device_name> is currently idle, the volume is set to <volume>.",Placeholder_0 có hoạt động ngay bây giờ không?,"Placeholder_0 hiện đang nhàn rỗi, âm lượng được đặt thành Placeholder_1."
media_player,playing;<media>;<volume>,What's on <device_name> at the moment?,<device_name> is currently playing <media> at volume <volume>.,Có gì trên Placeholder_0 vào lúc này?,Placeholder_0 hiện đang chơi Placeholder_1 ở tập Placeholder_2.
media_player,paused;<media>;<volume>,"I forgot what I paused on <device_name>, can you remind me?","You paused <media> on <device_name>, and the volume is set to <volume>.","Tôi quên những gì tôi dừng lại trên Placeholder_0, bạn có thể nhắc tôi không?",Bạn đã tạm dừng Placeholder_0 trên Placeholder_1 và âm lượng được đặt thành Placeholder_2.
media_player,idle;<volume>,Is <device_name> turned off or on?,"<device_name> is on but idle, with volume at <volume>.",Placeholder_0 có bị tắt hay bật không?,"Placeholder_0 đang bật nhưng nhàn rỗi, với khối lượng ở chỗ đặt chỗ_1."
media_player,playing;<media>;<volume>,I'd like to know what's playing on <device_name>.,"Currently, <media> is playing on <device_name> at volume level <volume>.",Tôi muốn biết những gì đang chơi trên Placeholder_0.,"Hiện tại, Placeholder_0 đang chơi trên Placeholder_1 ở mức độ thể tích Placeholder_2."
vacuum,cleaning,Is the <device_name> vacuum running right now?,The vacuum is running.,Vị trí của Placeholder_0 có chạy ngay bây giờ không?,Máy hút bụi đang chạy.
vacuum,cleaning,Is the <device_name> vacuum on?,It is. Your home is currently being cleaned.,Có phải chỗ trống đặt chỗ trên không?,Nó là. Nhà của bạn hiện đang được làm sạch.
vacuum,cleaning,Is <device_name> cleaning?,"Yes, <device_name> is currently vacuuming.",Là người giữ chỗ_0 làm sạch?,"Có, Placeholder_0 hiện đang hút bụi."
vacuum,cleaning,What is the <device_name> vacuum doing right now?,The <device_name> vacuum is currently cleaning the house.,Máy hút bụi của Placeholder_0 đang làm gì ngay bây giờ?,Máy hút bụi của Placeholder_0 hiện đang dọn dẹp nhà cửa.
vacuum,cleaning,What is <device_name> doing right now?,<device_name> is currently cleaning.,Placeholder_0 đang làm gì ngay bây giờ?,Placeholder_0 hiện đang làm sạch.
vacuum,docked,What is the <device_name> vacuum doing right now?,The <device_name> vacuum is currently docked.,Máy hút bụi của Placeholder_0 đang làm gì ngay bây giờ?,Máy hút bụi của Placeholder_0 hiện đang được cập cảng.
vacuum,docked,What is <device_name> doing right now?,<device_name> is currently docked.,Placeholder_0 đang làm gì ngay bây giờ?,Placeholder_0 hiện đang được cập cảng.
vacuum,docked,Is <device_name> on its base right now?,"Yes, <device_name> is at its base.",Placeholder_0 có phải là cơ sở của nó ngay bây giờ không?,"Có, Placeholder_0 đang ở cơ sở của nó."
vacuum,docked,Where is the <device_name> vacuum?,On its dock at the moment.,Nước chân không của Placeholder_0 ở đâu?,Trên bến tàu của nó vào lúc này.
vacuum,paused,What is the <device_name> vacuum doing right now?,The <device_name> vacuum is paused.,Máy hút bụi của Placeholder_0 đang làm gì ngay bây giờ?,Máy hút bụi của người giữ chỗ được tạm dừng.
vacuum,paused,What is <device_name> doing right now?,<device_name> is paused.,Placeholder_0 đang làm gì ngay bây giờ?,Placeholder_0 bị tạm dừng.
vacuum,idle,What is the <device_name> vacuum doing right now?,The <device_name> vacuum is stopped.,Máy hút bụi của Placeholder_0 đang làm gì ngay bây giờ?,Máy hút bụi của người giữ chỗ được dừng lại.
vacuum,idle,What is <device_name> doing right now?,<device_name> is stopped.,Placeholder_0 đang làm gì ngay bây giờ?,Placeholder_0 bị dừng lại.
vacuum,error,What is the <device_name> vacuum doing right now?,The <device_name> vacuum is stuck or having issues that need to be corrected.,Máy hút bụi của Placeholder_0 đang làm gì ngay bây giờ?,Máy hút bụi của Placeholder_0 bị kẹt hoặc có vấn đề cần được sửa chữa.
vacuum,error,What is <device_name> doing right now?,<device_name> is stuck or having issues.,Placeholder_0 đang làm gì ngay bây giờ?,Placeholder_0 bị mắc kẹt hoặc gặp vấn đề.
todo,1,How many items on on my <device_name> right now?,There is currently 1 item on your <device_name>.,Có bao nhiêu mặt hàng trên trình giữ chỗ của tôi_0 ngay bây giờ?,Hiện tại có 1 mục trên trình giữ chỗ của bạn_0.
todo,2,How many things are on the <device_name> at the moment?,There are 2 things on the <device_name> currently.,Hiện tại có bao nhiêu thứ trên trình giữ chỗ_0?,Hiện tại có 2 điều trên Placeholder_0.
todo,3,What is the current number of items on your <device_name>?,"Yes, there are currently 3 items on your <device_name>.",Số lượng các mặt hàng hiện tại trên Placeholder_0 của bạn là bao nhiêu?,"Có, hiện có 3 mục trên trình giữ chỗ của bạn_0."
todo,4,How many objects are there on the <device_name> presently?,"Yes, there are 4 objects presently on the <device_name>.",Hiện tại có bao nhiêu đối tượng trên Placeholder_0?,"Có, có 4 đối tượng hiện tại trên Placeholder_0."
todo,5,Could you tell me how many pieces there are on the <device_name> at this time?,I can tell you that there are 5 pieces on the <device_name> at this time.,Bạn có thể cho tôi biết có bao nhiêu mảnh trên Placeholder_0 vào lúc này không?,Tôi có thể nói với bạn rằng có 5 mảnh trên Placeholder_0 tại thời điểm này.
todo,6,What's the count of items on the <device_name> now?,The count of items on the <device_name> now is 6.,Số lượng các mặt hàng trên trình giữ chỗ_0 bây giờ là gì?,Số lượng các mục trên Placeholder_0 bây giờ là 6.
todo,7,How many units can be found on my <device_name> at the present moment?,You will find 7 units on my <device_name> at the present moment.,Có bao nhiêu đơn vị có thể được tìm thấy trên trình giữ chỗ của tôi_0 tại thời điểm hiện tại?,Bạn sẽ tìm thấy 7 đơn vị trên Placeholder_0 của tôi tại thời điểm hiện tại.
todo,8,Could you inform me as to how many articles are located on the <device_name> right now?,I'd be happy to inform you that there are 8 articles located on the <device_name> right now.,Bạn có thể thông báo cho tôi về việc có bao nhiêu bài viết trên Placeholder_0 ngay bây giờ không?,Tôi rất vui khi thông báo với bạn rằng có 8 bài viết trên Placeholder_0 ngay bây giờ.
todo,9,Is it possible for you to disclose how many components there are on the <device_name> currently?,It is possible for me to disclose that there are 9 components on the <device_name> currently.,Bạn có thể tiết lộ có bao nhiêu thành phần trên Placeholder_0 hiện tại không?,Tôi có thể tiết lộ rằng có 9 thành phần trên Placeholder_0 hiện tại.
todo,10,May I ask for the quantity of items on the <device_name> at present?,The quantity of items on the <device_name> is currently 10.,Tôi có thể yêu cầu số lượng các mặt hàng trên Placeholder_0 hiện tại không?,Số lượng các mặt hàng trên trình giữ chỗ_0 hiện là 10.
todo,11,Would you be able to tell me how many things there are on the <device_name> now?,"Yes, I can tell you that there are 11 things on the <device_name> now.",Bạn có thể cho tôi biết có bao nhiêu thứ trên Placeholder_0 bây giờ không?,"Vâng, tôi có thể nói với bạn rằng có 11 điều trên Placeholder_0 bây giờ."
todo,12,Can you enlighten me as to the number of items on the <device_name>?,I'd be pleased to enlighten you that there are 12 items on the <device_name>.,Bạn có thể khai sáng cho tôi số lượng vật phẩm trên Placeholder_0 không?,Tôi rất vui khi được khai sáng cho bạn rằng có 12 mục trên Placeholder_0.
timer,active;<duration>;<remaining>,How much time left on the <device_name>?,The <device_name> is set for <duration>. There is currently <remaining> remaining.,Bao nhiêu thời gian còn lại trên trình giữ chỗ_0?,Placeholder_0 được đặt cho loferholder_1. Hiện tại còn lại Placeholder_2.
timer,active;<duration>;<remaining>,How long before the <device_name> goes off?,The <device_name> will go off in <remaining>.,Bao lâu trước khi người giữ chỗ_0 tắt?,Người giữ chỗ_0 sẽ tắt trong Placeholder_1.
timer,active;<duration>;<remaining>,When is the <device_name> set to go off?,The <device_name> is set for <duration> and will go off in <remaining>.,Khi nào thì đặt chỗ_0 được thiết lập?,Placeholder_0 được đặt cho trình giữ chỗ_1 và sẽ tắt trong Placeholder_2.
